{
  "best_model": "RandomForest",
  "best_accuracy": 0.9544117647058824,
  "results": [
    {
      "name": "RandomForest",
      "accuracy": 0.9544117647058824,
      "confusion_matrix": [
        [
          974,
          62
        ],
        [
          0,
          324
        ]
      ],
      "classification_report": {
        "wrong": {
          "precision": 1.0,
          "recall": 0.9401544401544402,
          "f1-score": 0.9691542288557214,
          "support": 1036.0
        },
        "correct": {
          "precision": 0.8393782383419689,
          "recall": 1.0,
          "f1-score": 0.9126760563380282,
          "support": 324.0
        },
        "accuracy": 0.9544117647058824,
        "macro avg": {
          "precision": 0.9196891191709844,
          "recall": 0.9700772200772201,
          "f1-score": 0.9409151425968748,
          "support": 1360.0
        },
        "weighted avg": {
          "precision": 0.9617342273697044,
          "recall": 0.9544117647058824,
          "f1-score": 0.9556991348147416,
          "support": 1360.0
        }
      }
    },
    {
      "name": "ExtraTrees",
      "accuracy": 0.9220588235294118,
      "confusion_matrix": [
        [
          930,
          106
        ],
        [
          0,
          324
        ]
      ],
      "classification_report": {
        "wrong": {
          "precision": 1.0,
          "recall": 0.8976833976833977,
          "f1-score": 0.9460834181078331,
          "support": 1036.0
        },
        "correct": {
          "precision": 0.7534883720930232,
          "recall": 1.0,
          "f1-score": 0.8594164456233422,
          "support": 324.0
        },
        "accuracy": 0.9220588235294118,
        "macro avg": {
          "precision": 0.8767441860465116,
          "recall": 0.9488416988416988,
          "f1-score": 0.9027499318655876,
          "support": 1360.0
        },
        "weighted avg": {
          "precision": 0.9412722298221615,
          "recall": 0.9220588235294118,
          "f1-score": 0.9254362864277044,
          "support": 1360.0
        }
      }
    },
    {
      "name": "GradientBoosting",
      "accuracy": 0.9463235294117647,
      "confusion_matrix": [
        [
          963,
          73
        ],
        [
          0,
          324
        ]
      ],
      "classification_report": {
        "wrong": {
          "precision": 1.0,
          "recall": 0.9295366795366795,
          "f1-score": 0.9634817408704353,
          "support": 1036.0
        },
        "correct": {
          "precision": 0.8161209068010076,
          "recall": 1.0,
          "f1-score": 0.8987517337031901,
          "support": 324.0
        },
        "accuracy": 0.9463235294117647,
        "macro avg": {
          "precision": 0.9080604534005038,
          "recall": 0.9647683397683398,
          "f1-score": 0.9311167372868127,
          "support": 1360.0
        },
        "weighted avg": {
          "precision": 0.9561935101496518,
          "recall": 0.9463235294117647,
          "f1-score": 0.9480607685747092,
          "support": 1360.0
        }
      }
    }
  ],
  "rows": 5489,
  "videos": 100,
  "features": 152,
  "train_videos": 80,
  "test_videos": 20,
  "test_video_names": [
    "1.mp4",
    "13.mp4",
    "19.mp4",
    "20.mp4",
    "5.mp4",
    "9.mp4",
    "Copy of push up 108.mp4",
    "Copy of push up 110.mp4",
    "Copy of push up 114.mp4",
    "Copy of push up 132.mp4",
    "Copy of push up 137.mp4",
    "Copy of push up 138.mp4",
    "Copy of push up 149.mp4",
    "Copy of push up 175.mp4",
    "Copy of push up 186.mp4",
    "Copy of push up 197.mp4",
    "Copy of push up 198.mp4",
    "Copy of push up 36.mp4",
    "Copy of push up 42.mp4",
    "Copy of push up 57.mp4"
  ]
}