{
  "best_model": "GradientBoosting",
  "best_cv_accuracy": 0.9901621424667517,
  "results": [
    {
      "name": "RandomForest",
      "accuracy": 0.9546365458189106,
      "confusion_matrix": [
        [
          3104,
          120
        ],
        [
          129,
          2136
        ]
      ],
      "classification_report": {
        "wrong": {
          "precision": 0.960098979276214,
          "recall": 0.9627791563275434,
          "f1-score": 0.9614371999380518,
          "support": 3224.0
        },
        "correct": {
          "precision": 0.9468085106382979,
          "recall": 0.9430463576158941,
          "f1-score": 0.9449236894492369,
          "support": 2265.0
        },
        "accuracy": 0.9546365458189106,
        "macro avg": {
          "precision": 0.953453744957256,
          "recall": 0.9529127569717187,
          "f1-score": 0.9531804446936443,
          "support": 5489.0
        },
        "weighted avg": {
          "precision": 0.9546147541960756,
          "recall": 0.9546365458189106,
          "f1-score": 0.9546230076886137,
          "support": 5489.0
        }
      }
    },
    {
      "name": "ExtraTrees",
      "accuracy": 0.9447986882856623,
      "confusion_matrix": [
        [
          3106,
          118
        ],
        [
          185,
          2080
        ]
      ],
      "classification_report": {
        "wrong": {
          "precision": 0.9437860832573686,
          "recall": 0.9633995037220844,
          "f1-score": 0.9534919416730622,
          "support": 3224.0
        },
        "correct": {
          "precision": 0.9463148316651502,
          "recall": 0.9183222958057395,
          "f1-score": 0.9321084472328031,
          "support": 2265.0
        },
        "accuracy": 0.9447986882856623,
        "macro avg": {
          "precision": 0.9450504574612594,
          "recall": 0.940860899763912,
          "f1-score": 0.9428001944529326,
          "support": 5489.0
        },
        "weighted avg": {
          "precision": 0.9448295547719662,
          "recall": 0.9447986882856623,
          "f1-score": 0.9446681823531156,
          "support": 5489.0
        }
      }
    },
    {
      "name": "GradientBoosting",
      "accuracy": 0.9901621424667517,
      "confusion_matrix": [
        [
          3170,
          54
        ],
        [
          0,
          2265
        ]
      ],
      "classification_report": {
        "wrong": {
          "precision": 1.0,
          "recall": 0.9832506203473945,
          "f1-score": 0.9915545824210197,
          "support": 3224.0
        },
        "correct": {
          "precision": 0.9767141009055628,
          "recall": 1.0,
          "f1-score": 0.9882198952879581,
          "support": 2265.0
        },
        "accuracy": 0.9901621424667517,
        "macro avg": {
          "precision": 0.9883570504527814,
          "recall": 0.9916253101736973,
          "f1-score": 0.9898872388544888,
          "support": 5489.0
        },
        "weighted avg": {
          "precision": 0.9903912258245764,
          "recall": 0.9901621424667517,
          "f1-score": 0.9901785455552181,
          "support": 5489.0
        }
      }
    }
  ],
  "rows": 5489,
  "videos": 100,
  "features": 152,
  "cv_folds": 5
}